,image,image_path
0,83.jpg,/home/grads/hassledw/StyleCLIP_Defense/CelebA_HQ_facial_identity_dataset/StyleCLIP-FGSM75/77/83.jpg
0,9323.jpg,/home/grads/hassledw/StyleCLIP_Defense/CelebA_HQ_facial_identity_dataset/StyleCLIP-FGSM75/77/9323.jpg
0,6492.jpg,/home/grads/hassledw/StyleCLIP_Defense/CelebA_HQ_facial_identity_dataset/StyleCLIP-FGSM75/77/6492.jpg
0,474.jpg,/home/grads/hassledw/StyleCLIP_Defense/CelebA_HQ_facial_identity_dataset/StyleCLIP-FGSM75/77/474.jpg
0,29212.jpg,/home/grads/hassledw/StyleCLIP_Defense/CelebA_HQ_facial_identity_dataset/StyleCLIP-FGSM75/158/29212.jpg
0,8796.jpg,/home/grads/hassledw/StyleCLIP_Defense/CelebA_HQ_facial_identity_dataset/StyleCLIP-FGSM75/158/8796.jpg
0,9801.jpg,/home/grads/hassledw/StyleCLIP_Defense/CelebA_HQ_facial_identity_dataset/StyleCLIP-FGSM75/158/9801.jpg
0,7447.jpg,/home/grads/hassledw/StyleCLIP_Defense/CelebA_HQ_facial_identity_dataset/StyleCLIP-FGSM75/158/7447.jpg
0,69.jpg,/home/grads/hassledw/StyleCLIP_Defense/CelebA_HQ_facial_identity_dataset/StyleCLIP-FGSM75/65/69.jpg
0,637.jpg,/home/grads/hassledw/StyleCLIP_Defense/CelebA_HQ_facial_identity_dataset/StyleCLIP-FGSM75/65/637.jpg
0,9022.jpg,/home/grads/hassledw/StyleCLIP_Defense/CelebA_HQ_facial_identity_dataset/StyleCLIP-FGSM75/65/9022.jpg
0,9806.jpg,/home/grads/hassledw/StyleCLIP_Defense/CelebA_HQ_facial_identity_dataset/StyleCLIP-FGSM75/65/9806.jpg
0,7306.jpg,/home/grads/hassledw/StyleCLIP_Defense/CelebA_HQ_facial_identity_dataset/StyleCLIP-FGSM75/65/7306.jpg
0,7345.jpg,/home/grads/hassledw/StyleCLIP_Defense/CelebA_HQ_facial_identity_dataset/StyleCLIP-FGSM75/95/7345.jpg
0,9384.jpg,/home/grads/hassledw/StyleCLIP_Defense/CelebA_HQ_facial_identity_dataset/StyleCLIP-FGSM75/95/9384.jpg
0,8071.jpg,/home/grads/hassledw/StyleCLIP_Defense/CelebA_HQ_facial_identity_dataset/StyleCLIP-FGSM75/95/8071.jpg
0,995.jpg,/home/grads/hassledw/StyleCLIP_Defense/CelebA_HQ_facial_identity_dataset/StyleCLIP-FGSM75/95/995.jpg
0,7055.jpg,/home/grads/hassledw/StyleCLIP_Defense/CelebA_HQ_facial_identity_dataset/StyleCLIP-FGSM75/34/7055.jpg
0,952.jpg,/home/grads/hassledw/StyleCLIP_Defense/CelebA_HQ_facial_identity_dataset/StyleCLIP-FGSM75/34/952.jpg
0,9769.jpg,/home/grads/hassledw/StyleCLIP_Defense/CelebA_HQ_facial_identity_dataset/StyleCLIP-FGSM75/34/9769.jpg
0,898.jpg,/home/grads/hassledw/StyleCLIP_Defense/CelebA_HQ_facial_identity_dataset/StyleCLIP-FGSM75/34/898.jpg
0,7313.jpg,/home/grads/hassledw/StyleCLIP_Defense/CelebA_HQ_facial_identity_dataset/StyleCLIP-FGSM75/34/7313.jpg
0,6798.jpg,/home/grads/hassledw/StyleCLIP_Defense/CelebA_HQ_facial_identity_dataset/StyleCLIP-FGSM75/198/6798.jpg
0,937.jpg,/home/grads/hassledw/StyleCLIP_Defense/CelebA_HQ_facial_identity_dataset/StyleCLIP-FGSM75/198/937.jpg
0,7300.jpg,/home/grads/hassledw/StyleCLIP_Defense/CelebA_HQ_facial_identity_dataset/StyleCLIP-FGSM75/198/7300.jpg
0,6342.jpg,/home/grads/hassledw/StyleCLIP_Defense/CelebA_HQ_facial_identity_dataset/StyleCLIP-FGSM75/198/6342.jpg
0,9942.jpg,/home/grads/hassledw/StyleCLIP_Defense/CelebA_HQ_facial_identity_dataset/StyleCLIP-FGSM75/125/9942.jpg
0,8735.jpg,/home/grads/hassledw/StyleCLIP_Defense/CelebA_HQ_facial_identity_dataset/StyleCLIP-FGSM75/125/8735.jpg
0,7800.jpg,/home/grads/hassledw/StyleCLIP_Defense/CelebA_HQ_facial_identity_dataset/StyleCLIP-FGSM75/125/7800.jpg
0,9899.jpg,/home/grads/hassledw/StyleCLIP_Defense/CelebA_HQ_facial_identity_dataset/StyleCLIP-FGSM75/125/9899.jpg
0,9579.jpg,/home/grads/hassledw/StyleCLIP_Defense/CelebA_HQ_facial_identity_dataset/StyleCLIP-FGSM75/194/9579.jpg
0,9767.jpg,/home/grads/hassledw/StyleCLIP_Defense/CelebA_HQ_facial_identity_dataset/StyleCLIP-FGSM75/194/9767.jpg
0,8949.jpg,/home/grads/hassledw/StyleCLIP_Defense/CelebA_HQ_facial_identity_dataset/StyleCLIP-FGSM75/194/8949.jpg
0,735.jpg,/home/grads/hassledw/StyleCLIP_Defense/CelebA_HQ_facial_identity_dataset/StyleCLIP-FGSM75/63/735.jpg
0,8263.jpg,/home/grads/hassledw/StyleCLIP_Defense/CelebA_HQ_facial_identity_dataset/StyleCLIP-FGSM75/63/8263.jpg
0,67.jpg,/home/grads/hassledw/StyleCLIP_Defense/CelebA_HQ_facial_identity_dataset/StyleCLIP-FGSM75/63/67.jpg
0,8293.jpg,/home/grads/hassledw/StyleCLIP_Defense/CelebA_HQ_facial_identity_dataset/StyleCLIP-FGSM75/63/8293.jpg
0,7044.jpg,/home/grads/hassledw/StyleCLIP_Defense/CelebA_HQ_facial_identity_dataset/StyleCLIP-FGSM75/104/7044.jpg
0,887.jpg,/home/grads/hassledw/StyleCLIP_Defense/CelebA_HQ_facial_identity_dataset/StyleCLIP-FGSM75/104/887.jpg
0,736.jpg,/home/grads/hassledw/StyleCLIP_Defense/CelebA_HQ_facial_identity_dataset/StyleCLIP-FGSM75/104/736.jpg
0,9718.jpg,/home/grads/hassledw/StyleCLIP_Defense/CelebA_HQ_facial_identity_dataset/StyleCLIP-FGSM75/104/9718.jpg
0,8884.jpg,/home/grads/hassledw/StyleCLIP_Defense/CelebA_HQ_facial_identity_dataset/StyleCLIP-FGSM75/112/8884.jpg
0,3968.jpg,/home/grads/hassledw/StyleCLIP_Defense/CelebA_HQ_facial_identity_dataset/StyleCLIP-FGSM75/112/3968.jpg
0,3350.jpg,/home/grads/hassledw/StyleCLIP_Defense/CelebA_HQ_facial_identity_dataset/StyleCLIP-FGSM75/112/3350.jpg
0,3511.jpg,/home/grads/hassledw/StyleCLIP_Defense/CelebA_HQ_facial_identity_dataset/StyleCLIP-FGSM75/112/3511.jpg
0,617.jpg,/home/grads/hassledw/StyleCLIP_Defense/CelebA_HQ_facial_identity_dataset/StyleCLIP-FGSM75/80/617.jpg
0,751.jpg,/home/grads/hassledw/StyleCLIP_Defense/CelebA_HQ_facial_identity_dataset/StyleCLIP-FGSM75/80/751.jpg
0,87.jpg,/home/grads/hassledw/StyleCLIP_Defense/CelebA_HQ_facial_identity_dataset/StyleCLIP-FGSM75/80/87.jpg
0,3520.jpg,/home/grads/hassledw/StyleCLIP_Defense/CelebA_HQ_facial_identity_dataset/StyleCLIP-FGSM75/116/3520.jpg
0,4134.jpg,/home/grads/hassledw/StyleCLIP_Defense/CelebA_HQ_facial_identity_dataset/StyleCLIP-FGSM75/116/4134.jpg
0,9406.jpg,/home/grads/hassledw/StyleCLIP_Defense/CelebA_HQ_facial_identity_dataset/StyleCLIP-FGSM75/116/9406.jpg
0,6538.jpg,/home/grads/hassledw/StyleCLIP_Defense/CelebA_HQ_facial_identity_dataset/StyleCLIP-FGSM75/116/6538.jpg
0,7731.jpg,/home/grads/hassledw/StyleCLIP_Defense/CelebA_HQ_facial_identity_dataset/StyleCLIP-FGSM75/195/7731.jpg
0,29569.jpg,/home/grads/hassledw/StyleCLIP_Defense/CelebA_HQ_facial_identity_dataset/StyleCLIP-FGSM75/195/29569.jpg
0,8793.jpg,/home/grads/hassledw/StyleCLIP_Defense/CelebA_HQ_facial_identity_dataset/StyleCLIP-FGSM75/195/8793.jpg
0,5281.jpg,/home/grads/hassledw/StyleCLIP_Defense/CelebA_HQ_facial_identity_dataset/StyleCLIP-FGSM75/195/5281.jpg
0,9310.jpg,/home/grads/hassledw/StyleCLIP_Defense/CelebA_HQ_facial_identity_dataset/StyleCLIP-FGSM75/99/9310.jpg
0,9929.jpg,/home/grads/hassledw/StyleCLIP_Defense/CelebA_HQ_facial_identity_dataset/StyleCLIP-FGSM75/99/9929.jpg
0,8211.jpg,/home/grads/hassledw/StyleCLIP_Defense/CelebA_HQ_facial_identity_dataset/StyleCLIP-FGSM75/99/8211.jpg
0,8020.jpg,/home/grads/hassledw/StyleCLIP_Defense/CelebA_HQ_facial_identity_dataset/StyleCLIP-FGSM75/99/8020.jpg
0,4768.jpg,/home/grads/hassledw/StyleCLIP_Defense/CelebA_HQ_facial_identity_dataset/StyleCLIP-FGSM75/143/4768.jpg
0,4247.jpg,/home/grads/hassledw/StyleCLIP_Defense/CelebA_HQ_facial_identity_dataset/StyleCLIP-FGSM75/143/4247.jpg
0,4049.jpg,/home/grads/hassledw/StyleCLIP_Defense/CelebA_HQ_facial_identity_dataset/StyleCLIP-FGSM75/143/4049.jpg
0,4430.jpg,/home/grads/hassledw/StyleCLIP_Defense/CelebA_HQ_facial_identity_dataset/StyleCLIP-FGSM75/143/4430.jpg
0,7641.jpg,/home/grads/hassledw/StyleCLIP_Defense/CelebA_HQ_facial_identity_dataset/StyleCLIP-FGSM75/180/7641.jpg
0,8453.jpg,/home/grads/hassledw/StyleCLIP_Defense/CelebA_HQ_facial_identity_dataset/StyleCLIP-FGSM75/180/8453.jpg
0,8769.jpg,/home/grads/hassledw/StyleCLIP_Defense/CelebA_HQ_facial_identity_dataset/StyleCLIP-FGSM75/180/8769.jpg
0,8800.jpg,/home/grads/hassledw/StyleCLIP_Defense/CelebA_HQ_facial_identity_dataset/StyleCLIP-FGSM75/180/8800.jpg
0,4914.jpg,/home/grads/hassledw/StyleCLIP_Defense/CelebA_HQ_facial_identity_dataset/StyleCLIP-FGSM75/161/4914.jpg
0,3980.jpg,/home/grads/hassledw/StyleCLIP_Defense/CelebA_HQ_facial_identity_dataset/StyleCLIP-FGSM75/161/3980.jpg
0,7435.jpg,/home/grads/hassledw/StyleCLIP_Defense/CelebA_HQ_facial_identity_dataset/StyleCLIP-FGSM75/161/7435.jpg
0,5154.jpg,/home/grads/hassledw/StyleCLIP_Defense/CelebA_HQ_facial_identity_dataset/StyleCLIP-FGSM75/161/5154.jpg
0,7301.jpg,/home/grads/hassledw/StyleCLIP_Defense/CelebA_HQ_facial_identity_dataset/StyleCLIP-FGSM75/161/7301.jpg
0,4406.jpg,/home/grads/hassledw/StyleCLIP_Defense/CelebA_HQ_facial_identity_dataset/StyleCLIP-FGSM75/161/4406.jpg
0,7255.jpg,/home/grads/hassledw/StyleCLIP_Defense/CelebA_HQ_facial_identity_dataset/StyleCLIP-FGSM75/204/7255.jpg
0,8739.jpg,/home/grads/hassledw/StyleCLIP_Defense/CelebA_HQ_facial_identity_dataset/StyleCLIP-FGSM75/204/8739.jpg
0,7120.jpg,/home/grads/hassledw/StyleCLIP_Defense/CelebA_HQ_facial_identity_dataset/StyleCLIP-FGSM75/204/7120.jpg
0,7826.jpg,/home/grads/hassledw/StyleCLIP_Defense/CelebA_HQ_facial_identity_dataset/StyleCLIP-FGSM75/111/7826.jpg
0,7574.jpg,/home/grads/hassledw/StyleCLIP_Defense/CelebA_HQ_facial_identity_dataset/StyleCLIP-FGSM75/111/7574.jpg
0,8138.jpg,/home/grads/hassledw/StyleCLIP_Defense/CelebA_HQ_facial_identity_dataset/StyleCLIP-FGSM75/111/8138.jpg
0,7276.jpg,/home/grads/hassledw/StyleCLIP_Defense/CelebA_HQ_facial_identity_dataset/StyleCLIP-FGSM75/111/7276.jpg
0,4213.jpg,/home/grads/hassledw/StyleCLIP_Defense/CelebA_HQ_facial_identity_dataset/StyleCLIP-FGSM75/103/4213.jpg
0,554.jpg,/home/grads/hassledw/StyleCLIP_Defense/CelebA_HQ_facial_identity_dataset/StyleCLIP-FGSM75/103/554.jpg
0,7395.jpg,/home/grads/hassledw/StyleCLIP_Defense/CelebA_HQ_facial_identity_dataset/StyleCLIP-FGSM75/103/7395.jpg
0,729.jpg,/home/grads/hassledw/StyleCLIP_Defense/CelebA_HQ_facial_identity_dataset/StyleCLIP-FGSM75/103/729.jpg
0,9296.jpg,/home/grads/hassledw/StyleCLIP_Defense/CelebA_HQ_facial_identity_dataset/StyleCLIP-FGSM75/128/9296.jpg
0,6530.jpg,/home/grads/hassledw/StyleCLIP_Defense/CelebA_HQ_facial_identity_dataset/StyleCLIP-FGSM75/128/6530.jpg
0,6996.jpg,/home/grads/hassledw/StyleCLIP_Defense/CelebA_HQ_facial_identity_dataset/StyleCLIP-FGSM75/128/6996.jpg
0,9541.jpg,/home/grads/hassledw/StyleCLIP_Defense/CelebA_HQ_facial_identity_dataset/StyleCLIP-FGSM75/128/9541.jpg
0,7516.jpg,/home/grads/hassledw/StyleCLIP_Defense/CelebA_HQ_facial_identity_dataset/StyleCLIP-FGSM75/146/7516.jpg
0,5239.jpg,/home/grads/hassledw/StyleCLIP_Defense/CelebA_HQ_facial_identity_dataset/StyleCLIP-FGSM75/146/5239.jpg
0,3938.jpg,/home/grads/hassledw/StyleCLIP_Defense/CelebA_HQ_facial_identity_dataset/StyleCLIP-FGSM75/146/3938.jpg
0,9803.jpg,/home/grads/hassledw/StyleCLIP_Defense/CelebA_HQ_facial_identity_dataset/StyleCLIP-FGSM75/146/9803.jpg
0,4479.jpg,/home/grads/hassledw/StyleCLIP_Defense/CelebA_HQ_facial_identity_dataset/StyleCLIP-FGSM75/146/4479.jpg
0,7234.jpg,/home/grads/hassledw/StyleCLIP_Defense/CelebA_HQ_facial_identity_dataset/StyleCLIP-FGSM75/182/7234.jpg
0,9520.jpg,/home/grads/hassledw/StyleCLIP_Defense/CelebA_HQ_facial_identity_dataset/StyleCLIP-FGSM75/182/9520.jpg
0,8072.jpg,/home/grads/hassledw/StyleCLIP_Defense/CelebA_HQ_facial_identity_dataset/StyleCLIP-FGSM75/182/8072.jpg
0,9082.jpg,/home/grads/hassledw/StyleCLIP_Defense/CelebA_HQ_facial_identity_dataset/StyleCLIP-FGSM75/182/9082.jpg
0,6011.jpg,/home/grads/hassledw/StyleCLIP_Defense/CelebA_HQ_facial_identity_dataset/StyleCLIP-FGSM75/49/6011.jpg
0,6058.jpg,/home/grads/hassledw/StyleCLIP_Defense/CelebA_HQ_facial_identity_dataset/StyleCLIP-FGSM75/49/6058.jpg
0,51.jpg,/home/grads/hassledw/StyleCLIP_Defense/CelebA_HQ_facial_identity_dataset/StyleCLIP-FGSM75/49/51.jpg
0,9975.jpg,/home/grads/hassledw/StyleCLIP_Defense/CelebA_HQ_facial_identity_dataset/StyleCLIP-FGSM75/179/9975.jpg
0,4342.jpg,/home/grads/hassledw/StyleCLIP_Defense/CelebA_HQ_facial_identity_dataset/StyleCLIP-FGSM75/179/4342.jpg
0,5644.jpg,/home/grads/hassledw/StyleCLIP_Defense/CelebA_HQ_facial_identity_dataset/StyleCLIP-FGSM75/179/5644.jpg
0,9697.jpg,/home/grads/hassledw/StyleCLIP_Defense/CelebA_HQ_facial_identity_dataset/StyleCLIP-FGSM75/179/9697.jpg
0,8398.jpg,/home/grads/hassledw/StyleCLIP_Defense/CelebA_HQ_facial_identity_dataset/StyleCLIP-FGSM75/45/8398.jpg
0,682.jpg,/home/grads/hassledw/StyleCLIP_Defense/CelebA_HQ_facial_identity_dataset/StyleCLIP-FGSM75/45/682.jpg
0,9523.jpg,/home/grads/hassledw/StyleCLIP_Defense/CelebA_HQ_facial_identity_dataset/StyleCLIP-FGSM75/45/9523.jpg
0,7705.jpg,/home/grads/hassledw/StyleCLIP_Defense/CelebA_HQ_facial_identity_dataset/StyleCLIP-FGSM75/45/7705.jpg
0,71.jpg,/home/grads/hassledw/StyleCLIP_Defense/CelebA_HQ_facial_identity_dataset/StyleCLIP-FGSM75/67/71.jpg
0,95.jpg,/home/grads/hassledw/StyleCLIP_Defense/CelebA_HQ_facial_identity_dataset/StyleCLIP-FGSM75/67/95.jpg
0,9974.jpg,/home/grads/hassledw/StyleCLIP_Defense/CelebA_HQ_facial_identity_dataset/StyleCLIP-FGSM75/67/9974.jpg
0,8664.jpg,/home/grads/hassledw/StyleCLIP_Defense/CelebA_HQ_facial_identity_dataset/StyleCLIP-FGSM75/67/8664.jpg
0,6054.jpg,/home/grads/hassledw/StyleCLIP_Defense/CelebA_HQ_facial_identity_dataset/StyleCLIP-FGSM75/199/6054.jpg
0,7780.jpg,/home/grads/hassledw/StyleCLIP_Defense/CelebA_HQ_facial_identity_dataset/StyleCLIP-FGSM75/199/7780.jpg
0,847.jpg,/home/grads/hassledw/StyleCLIP_Defense/CelebA_HQ_facial_identity_dataset/StyleCLIP-FGSM75/199/847.jpg
0,6544.jpg,/home/grads/hassledw/StyleCLIP_Defense/CelebA_HQ_facial_identity_dataset/StyleCLIP-FGSM75/199/6544.jpg
0,3332.jpg,/home/grads/hassledw/StyleCLIP_Defense/CelebA_HQ_facial_identity_dataset/StyleCLIP-FGSM75/25/3332.jpg
0,425.jpg,/home/grads/hassledw/StyleCLIP_Defense/CelebA_HQ_facial_identity_dataset/StyleCLIP-FGSM75/25/425.jpg
0,9711.jpg,/home/grads/hassledw/StyleCLIP_Defense/CelebA_HQ_facial_identity_dataset/StyleCLIP-FGSM75/25/9711.jpg
0,6828.jpg,/home/grads/hassledw/StyleCLIP_Defense/CelebA_HQ_facial_identity_dataset/StyleCLIP-FGSM75/25/6828.jpg
0,91.jpg,/home/grads/hassledw/StyleCLIP_Defense/CelebA_HQ_facial_identity_dataset/StyleCLIP-FGSM75/5/91.jpg
0,8222.jpg,/home/grads/hassledw/StyleCLIP_Defense/CelebA_HQ_facial_identity_dataset/StyleCLIP-FGSM75/5/8222.jpg
0,822.jpg,/home/grads/hassledw/StyleCLIP_Defense/CelebA_HQ_facial_identity_dataset/StyleCLIP-FGSM75/5/822.jpg
0,9787.jpg,/home/grads/hassledw/StyleCLIP_Defense/CelebA_HQ_facial_identity_dataset/StyleCLIP-FGSM75/5/9787.jpg
0,9770.jpg,/home/grads/hassledw/StyleCLIP_Defense/CelebA_HQ_facial_identity_dataset/StyleCLIP-FGSM75/5/9770.jpg
0,6022.jpg,/home/grads/hassledw/StyleCLIP_Defense/CelebA_HQ_facial_identity_dataset/StyleCLIP-FGSM75/122/6022.jpg
0,5486.jpg,/home/grads/hassledw/StyleCLIP_Defense/CelebA_HQ_facial_identity_dataset/StyleCLIP-FGSM75/122/5486.jpg
0,6666.jpg,/home/grads/hassledw/StyleCLIP_Defense/CelebA_HQ_facial_identity_dataset/StyleCLIP-FGSM75/122/6666.jpg
0,7528.jpg,/home/grads/hassledw/StyleCLIP_Defense/CelebA_HQ_facial_identity_dataset/StyleCLIP-FGSM75/162/7528.jpg
0,737.jpg,/home/grads/hassledw/StyleCLIP_Defense/CelebA_HQ_facial_identity_dataset/StyleCLIP-FGSM75/162/737.jpg
0,9399.jpg,/home/grads/hassledw/StyleCLIP_Defense/CelebA_HQ_facial_identity_dataset/StyleCLIP-FGSM75/162/9399.jpg
0,9081.jpg,/home/grads/hassledw/StyleCLIP_Defense/CelebA_HQ_facial_identity_dataset/StyleCLIP-FGSM75/162/9081.jpg
0,687.jpg,/home/grads/hassledw/StyleCLIP_Defense/CelebA_HQ_facial_identity_dataset/StyleCLIP-FGSM75/14/687.jpg
0,8457.jpg,/home/grads/hassledw/StyleCLIP_Defense/CelebA_HQ_facial_identity_dataset/StyleCLIP-FGSM75/14/8457.jpg
0,674.jpg,/home/grads/hassledw/StyleCLIP_Defense/CelebA_HQ_facial_identity_dataset/StyleCLIP-FGSM75/14/674.jpg
0,4816.jpg,/home/grads/hassledw/StyleCLIP_Defense/CelebA_HQ_facial_identity_dataset/StyleCLIP-FGSM75/14/4816.jpg
0,705.jpg,/home/grads/hassledw/StyleCLIP_Defense/CelebA_HQ_facial_identity_dataset/StyleCLIP-FGSM75/44/705.jpg
0,7388.jpg,/home/grads/hassledw/StyleCLIP_Defense/CelebA_HQ_facial_identity_dataset/StyleCLIP-FGSM75/44/7388.jpg
0,8625.jpg,/home/grads/hassledw/StyleCLIP_Defense/CelebA_HQ_facial_identity_dataset/StyleCLIP-FGSM75/44/8625.jpg
0,7128.jpg,/home/grads/hassledw/StyleCLIP_Defense/CelebA_HQ_facial_identity_dataset/StyleCLIP-FGSM75/44/7128.jpg
0,9401.jpg,/home/grads/hassledw/StyleCLIP_Defense/CelebA_HQ_facial_identity_dataset/StyleCLIP-FGSM75/121/9401.jpg
0,9706.jpg,/home/grads/hassledw/StyleCLIP_Defense/CelebA_HQ_facial_identity_dataset/StyleCLIP-FGSM75/121/9706.jpg
0,8750.jpg,/home/grads/hassledw/StyleCLIP_Defense/CelebA_HQ_facial_identity_dataset/StyleCLIP-FGSM75/121/8750.jpg
0,9209.jpg,/home/grads/hassledw/StyleCLIP_Defense/CelebA_HQ_facial_identity_dataset/StyleCLIP-FGSM75/17/9209.jpg
0,9390.jpg,/home/grads/hassledw/StyleCLIP_Defense/CelebA_HQ_facial_identity_dataset/StyleCLIP-FGSM75/17/9390.jpg
0,8578.jpg,/home/grads/hassledw/StyleCLIP_Defense/CelebA_HQ_facial_identity_dataset/StyleCLIP-FGSM75/17/8578.jpg
0,7665.jpg,/home/grads/hassledw/StyleCLIP_Defense/CelebA_HQ_facial_identity_dataset/StyleCLIP-FGSM75/196/7665.jpg
0,6978.jpg,/home/grads/hassledw/StyleCLIP_Defense/CelebA_HQ_facial_identity_dataset/StyleCLIP-FGSM75/196/6978.jpg
0,8312.jpg,/home/grads/hassledw/StyleCLIP_Defense/CelebA_HQ_facial_identity_dataset/StyleCLIP-FGSM75/196/8312.jpg
0,6958.jpg,/home/grads/hassledw/StyleCLIP_Defense/CelebA_HQ_facial_identity_dataset/StyleCLIP-FGSM75/196/6958.jpg
0,6018.jpg,/home/grads/hassledw/StyleCLIP_Defense/CelebA_HQ_facial_identity_dataset/StyleCLIP-FGSM75/196/6018.jpg
0,4065.jpg,/home/grads/hassledw/StyleCLIP_Defense/CelebA_HQ_facial_identity_dataset/StyleCLIP-FGSM75/124/4065.jpg
0,3531.jpg,/home/grads/hassledw/StyleCLIP_Defense/CelebA_HQ_facial_identity_dataset/StyleCLIP-FGSM75/124/3531.jpg
0,5321.jpg,/home/grads/hassledw/StyleCLIP_Defense/CelebA_HQ_facial_identity_dataset/StyleCLIP-FGSM75/124/5321.jpg
0,761.jpg,/home/grads/hassledw/StyleCLIP_Defense/CelebA_HQ_facial_identity_dataset/StyleCLIP-FGSM75/124/761.jpg
0,778.jpg,/home/grads/hassledw/StyleCLIP_Defense/CelebA_HQ_facial_identity_dataset/StyleCLIP-FGSM75/188/778.jpg
0,6642.jpg,/home/grads/hassledw/StyleCLIP_Defense/CelebA_HQ_facial_identity_dataset/StyleCLIP-FGSM75/188/6642.jpg
0,6313.jpg,/home/grads/hassledw/StyleCLIP_Defense/CelebA_HQ_facial_identity_dataset/StyleCLIP-FGSM75/188/6313.jpg
0,9910.jpg,/home/grads/hassledw/StyleCLIP_Defense/CelebA_HQ_facial_identity_dataset/StyleCLIP-FGSM75/188/9910.jpg
0,591.jpg,/home/grads/hassledw/StyleCLIP_Defense/CelebA_HQ_facial_identity_dataset/StyleCLIP-FGSM75/188/591.jpg
0,4173.jpg,/home/grads/hassledw/StyleCLIP_Defense/CelebA_HQ_facial_identity_dataset/StyleCLIP-FGSM75/26/4173.jpg
0,627.jpg,/home/grads/hassledw/StyleCLIP_Defense/CelebA_HQ_facial_identity_dataset/StyleCLIP-FGSM75/26/627.jpg
0,76.jpg,/home/grads/hassledw/StyleCLIP_Defense/CelebA_HQ_facial_identity_dataset/StyleCLIP-FGSM75/26/76.jpg
0,6788.jpg,/home/grads/hassledw/StyleCLIP_Defense/CelebA_HQ_facial_identity_dataset/StyleCLIP-FGSM75/26/6788.jpg
0,6288.jpg,/home/grads/hassledw/StyleCLIP_Defense/CelebA_HQ_facial_identity_dataset/StyleCLIP-FGSM75/175/6288.jpg
0,550.jpg,/home/grads/hassledw/StyleCLIP_Defense/CelebA_HQ_facial_identity_dataset/StyleCLIP-FGSM75/175/550.jpg
0,8947.jpg,/home/grads/hassledw/StyleCLIP_Defense/CelebA_HQ_facial_identity_dataset/StyleCLIP-FGSM75/175/8947.jpg
0,919.jpg,/home/grads/hassledw/StyleCLIP_Defense/CelebA_HQ_facial_identity_dataset/StyleCLIP-FGSM75/175/919.jpg
0,470.jpg,/home/grads/hassledw/StyleCLIP_Defense/CelebA_HQ_facial_identity_dataset/StyleCLIP-FGSM75/203/470.jpg
0,572.jpg,/home/grads/hassledw/StyleCLIP_Defense/CelebA_HQ_facial_identity_dataset/StyleCLIP-FGSM75/203/572.jpg
0,6271.jpg,/home/grads/hassledw/StyleCLIP_Defense/CelebA_HQ_facial_identity_dataset/StyleCLIP-FGSM75/203/6271.jpg
0,8666.jpg,/home/grads/hassledw/StyleCLIP_Defense/CelebA_HQ_facial_identity_dataset/StyleCLIP-FGSM75/203/8666.jpg
0,7892.jpg,/home/grads/hassledw/StyleCLIP_Defense/CelebA_HQ_facial_identity_dataset/StyleCLIP-FGSM75/181/7892.jpg
0,819.jpg,/home/grads/hassledw/StyleCLIP_Defense/CelebA_HQ_facial_identity_dataset/StyleCLIP-FGSM75/181/819.jpg
0,9912.jpg,/home/grads/hassledw/StyleCLIP_Defense/CelebA_HQ_facial_identity_dataset/StyleCLIP-FGSM75/181/9912.jpg
0,5423.jpg,/home/grads/hassledw/StyleCLIP_Defense/CelebA_HQ_facial_identity_dataset/StyleCLIP-FGSM75/181/5423.jpg
0,5697.jpg,/home/grads/hassledw/StyleCLIP_Defense/CelebA_HQ_facial_identity_dataset/StyleCLIP-FGSM75/108/5697.jpg
0,8352.jpg,/home/grads/hassledw/StyleCLIP_Defense/CelebA_HQ_facial_identity_dataset/StyleCLIP-FGSM75/108/8352.jpg
0,8399.jpg,/home/grads/hassledw/StyleCLIP_Defense/CelebA_HQ_facial_identity_dataset/StyleCLIP-FGSM75/108/8399.jpg
0,7110.jpg,/home/grads/hassledw/StyleCLIP_Defense/CelebA_HQ_facial_identity_dataset/StyleCLIP-FGSM75/108/7110.jpg
0,6212.jpg,/home/grads/hassledw/StyleCLIP_Defense/CelebA_HQ_facial_identity_dataset/StyleCLIP-FGSM75/183/6212.jpg
0,6594.jpg,/home/grads/hassledw/StyleCLIP_Defense/CelebA_HQ_facial_identity_dataset/StyleCLIP-FGSM75/183/6594.jpg
0,6845.jpg,/home/grads/hassledw/StyleCLIP_Defense/CelebA_HQ_facial_identity_dataset/StyleCLIP-FGSM75/183/6845.jpg
0,8528.jpg,/home/grads/hassledw/StyleCLIP_Defense/CelebA_HQ_facial_identity_dataset/StyleCLIP-FGSM75/183/8528.jpg
0,8707.jpg,/home/grads/hassledw/StyleCLIP_Defense/CelebA_HQ_facial_identity_dataset/StyleCLIP-FGSM75/177/8707.jpg
0,8784.jpg,/home/grads/hassledw/StyleCLIP_Defense/CelebA_HQ_facial_identity_dataset/StyleCLIP-FGSM75/177/8784.jpg
0,9193.jpg,/home/grads/hassledw/StyleCLIP_Defense/CelebA_HQ_facial_identity_dataset/StyleCLIP-FGSM75/177/9193.jpg
0,8902.jpg,/home/grads/hassledw/StyleCLIP_Defense/CelebA_HQ_facial_identity_dataset/StyleCLIP-FGSM75/177/8902.jpg
0,677.jpg,/home/grads/hassledw/StyleCLIP_Defense/CelebA_HQ_facial_identity_dataset/StyleCLIP-FGSM75/47/677.jpg
0,49.jpg,/home/grads/hassledw/StyleCLIP_Defense/CelebA_HQ_facial_identity_dataset/StyleCLIP-FGSM75/47/49.jpg
0,4922.jpg,/home/grads/hassledw/StyleCLIP_Defense/CelebA_HQ_facial_identity_dataset/StyleCLIP-FGSM75/47/4922.jpg
0,9988.jpg,/home/grads/hassledw/StyleCLIP_Defense/CelebA_HQ_facial_identity_dataset/StyleCLIP-FGSM75/102/9988.jpg
0,8526.jpg,/home/grads/hassledw/StyleCLIP_Defense/CelebA_HQ_facial_identity_dataset/StyleCLIP-FGSM75/102/8526.jpg
0,7755.jpg,/home/grads/hassledw/StyleCLIP_Defense/CelebA_HQ_facial_identity_dataset/StyleCLIP-FGSM75/102/7755.jpg
0,5227.jpg,/home/grads/hassledw/StyleCLIP_Defense/CelebA_HQ_facial_identity_dataset/StyleCLIP-FGSM75/129/5227.jpg
0,4347.jpg,/home/grads/hassledw/StyleCLIP_Defense/CelebA_HQ_facial_identity_dataset/StyleCLIP-FGSM75/129/4347.jpg
0,6427.jpg,/home/grads/hassledw/StyleCLIP_Defense/CelebA_HQ_facial_identity_dataset/StyleCLIP-FGSM75/129/6427.jpg
0,992.jpg,/home/grads/hassledw/StyleCLIP_Defense/CelebA_HQ_facial_identity_dataset/StyleCLIP-FGSM75/129/992.jpg
