,image,image_path,actual_label,predicted_label,confidence
0,7755.jpg,/home/grads/hassledw/StyleCLIP_Defense/CelebA_HQ_facial_identity_dataset/StyleCLIP-FGSM75/102/7755.jpg,0,28,0.04031900689005852
0,8526.jpg,/home/grads/hassledw/StyleCLIP_Defense/CelebA_HQ_facial_identity_dataset/StyleCLIP-FGSM75/102/8526.jpg,0,12,0.045238930732011795
0,9988.jpg,/home/grads/hassledw/StyleCLIP_Defense/CelebA_HQ_facial_identity_dataset/StyleCLIP-FGSM75/102/9988.jpg,0,12,0.04407530650496483
0,4213.jpg,/home/grads/hassledw/StyleCLIP_Defense/CelebA_HQ_facial_identity_dataset/StyleCLIP-FGSM75/103/4213.jpg,1,12,0.04506990313529968
0,554.jpg,/home/grads/hassledw/StyleCLIP_Defense/CelebA_HQ_facial_identity_dataset/StyleCLIP-FGSM75/103/554.jpg,1,28,0.03955652192234993
0,729.jpg,/home/grads/hassledw/StyleCLIP_Defense/CelebA_HQ_facial_identity_dataset/StyleCLIP-FGSM75/103/729.jpg,1,28,0.041626181453466415
0,7395.jpg,/home/grads/hassledw/StyleCLIP_Defense/CelebA_HQ_facial_identity_dataset/StyleCLIP-FGSM75/103/7395.jpg,1,28,0.03931832313537598
0,7044.jpg,/home/grads/hassledw/StyleCLIP_Defense/CelebA_HQ_facial_identity_dataset/StyleCLIP-FGSM75/104/7044.jpg,2,28,0.04102495312690735
0,736.jpg,/home/grads/hassledw/StyleCLIP_Defense/CelebA_HQ_facial_identity_dataset/StyleCLIP-FGSM75/104/736.jpg,2,12,0.04097801819443703
0,887.jpg,/home/grads/hassledw/StyleCLIP_Defense/CelebA_HQ_facial_identity_dataset/StyleCLIP-FGSM75/104/887.jpg,2,28,0.04076167941093445
0,9718.jpg,/home/grads/hassledw/StyleCLIP_Defense/CelebA_HQ_facial_identity_dataset/StyleCLIP-FGSM75/104/9718.jpg,2,12,0.04504793509840965
0,5697.jpg,/home/grads/hassledw/StyleCLIP_Defense/CelebA_HQ_facial_identity_dataset/StyleCLIP-FGSM75/108/5697.jpg,3,12,0.03996160253882408
0,7110.jpg,/home/grads/hassledw/StyleCLIP_Defense/CelebA_HQ_facial_identity_dataset/StyleCLIP-FGSM75/108/7110.jpg,3,12,0.03945498168468475
0,8352.jpg,/home/grads/hassledw/StyleCLIP_Defense/CelebA_HQ_facial_identity_dataset/StyleCLIP-FGSM75/108/8352.jpg,3,28,0.04073261842131615
0,8399.jpg,/home/grads/hassledw/StyleCLIP_Defense/CelebA_HQ_facial_identity_dataset/StyleCLIP-FGSM75/108/8399.jpg,3,12,0.042378492653369904
0,7276.jpg,/home/grads/hassledw/StyleCLIP_Defense/CelebA_HQ_facial_identity_dataset/StyleCLIP-FGSM75/111/7276.jpg,4,12,0.04327249526977539
0,7574.jpg,/home/grads/hassledw/StyleCLIP_Defense/CelebA_HQ_facial_identity_dataset/StyleCLIP-FGSM75/111/7574.jpg,4,12,0.04476520046591759
0,7826.jpg,/home/grads/hassledw/StyleCLIP_Defense/CelebA_HQ_facial_identity_dataset/StyleCLIP-FGSM75/111/7826.jpg,4,12,0.045603930950164795
0,8138.jpg,/home/grads/hassledw/StyleCLIP_Defense/CelebA_HQ_facial_identity_dataset/StyleCLIP-FGSM75/111/8138.jpg,4,12,0.044496577233076096
0,3350.jpg,/home/grads/hassledw/StyleCLIP_Defense/CelebA_HQ_facial_identity_dataset/StyleCLIP-FGSM75/112/3350.jpg,5,6,0.044129230082035065
0,3511.jpg,/home/grads/hassledw/StyleCLIP_Defense/CelebA_HQ_facial_identity_dataset/StyleCLIP-FGSM75/112/3511.jpg,5,12,0.043660860508680344
0,3968.jpg,/home/grads/hassledw/StyleCLIP_Defense/CelebA_HQ_facial_identity_dataset/StyleCLIP-FGSM75/112/3968.jpg,5,12,0.04452509433031082
0,8884.jpg,/home/grads/hassledw/StyleCLIP_Defense/CelebA_HQ_facial_identity_dataset/StyleCLIP-FGSM75/112/8884.jpg,5,12,0.04495228826999664
0,3520.jpg,/home/grads/hassledw/StyleCLIP_Defense/CelebA_HQ_facial_identity_dataset/StyleCLIP-FGSM75/116/3520.jpg,6,12,0.04418044164776802
0,4134.jpg,/home/grads/hassledw/StyleCLIP_Defense/CelebA_HQ_facial_identity_dataset/StyleCLIP-FGSM75/116/4134.jpg,6,28,0.03887415677309036
0,6538.jpg,/home/grads/hassledw/StyleCLIP_Defense/CelebA_HQ_facial_identity_dataset/StyleCLIP-FGSM75/116/6538.jpg,6,28,0.03987361490726471
0,9406.jpg,/home/grads/hassledw/StyleCLIP_Defense/CelebA_HQ_facial_identity_dataset/StyleCLIP-FGSM75/116/9406.jpg,6,6,0.04103967547416687
0,8750.jpg,/home/grads/hassledw/StyleCLIP_Defense/CelebA_HQ_facial_identity_dataset/StyleCLIP-FGSM75/121/8750.jpg,7,12,0.03973335400223732
0,9401.jpg,/home/grads/hassledw/StyleCLIP_Defense/CelebA_HQ_facial_identity_dataset/StyleCLIP-FGSM75/121/9401.jpg,7,12,0.03944937884807587
0,9706.jpg,/home/grads/hassledw/StyleCLIP_Defense/CelebA_HQ_facial_identity_dataset/StyleCLIP-FGSM75/121/9706.jpg,7,12,0.04274526983499527
0,5486.jpg,/home/grads/hassledw/StyleCLIP_Defense/CelebA_HQ_facial_identity_dataset/StyleCLIP-FGSM75/122/5486.jpg,8,12,0.04537300392985344
0,6022.jpg,/home/grads/hassledw/StyleCLIP_Defense/CelebA_HQ_facial_identity_dataset/StyleCLIP-FGSM75/122/6022.jpg,8,12,0.041410911828279495
0,6666.jpg,/home/grads/hassledw/StyleCLIP_Defense/CelebA_HQ_facial_identity_dataset/StyleCLIP-FGSM75/122/6666.jpg,8,12,0.04338768869638443
0,3531.jpg,/home/grads/hassledw/StyleCLIP_Defense/CelebA_HQ_facial_identity_dataset/StyleCLIP-FGSM75/124/3531.jpg,9,12,0.041176632046699524
0,4065.jpg,/home/grads/hassledw/StyleCLIP_Defense/CelebA_HQ_facial_identity_dataset/StyleCLIP-FGSM75/124/4065.jpg,9,12,0.045801516622304916
0,5321.jpg,/home/grads/hassledw/StyleCLIP_Defense/CelebA_HQ_facial_identity_dataset/StyleCLIP-FGSM75/124/5321.jpg,9,12,0.044548917561769485
0,761.jpg,/home/grads/hassledw/StyleCLIP_Defense/CelebA_HQ_facial_identity_dataset/StyleCLIP-FGSM75/124/761.jpg,9,28,0.04134292155504227
0,7800.jpg,/home/grads/hassledw/StyleCLIP_Defense/CelebA_HQ_facial_identity_dataset/StyleCLIP-FGSM75/125/7800.jpg,10,12,0.04225129634141922
0,8735.jpg,/home/grads/hassledw/StyleCLIP_Defense/CelebA_HQ_facial_identity_dataset/StyleCLIP-FGSM75/125/8735.jpg,10,12,0.04347965493798256
0,9899.jpg,/home/grads/hassledw/StyleCLIP_Defense/CelebA_HQ_facial_identity_dataset/StyleCLIP-FGSM75/125/9899.jpg,10,28,0.038293130695819855
0,9942.jpg,/home/grads/hassledw/StyleCLIP_Defense/CelebA_HQ_facial_identity_dataset/StyleCLIP-FGSM75/125/9942.jpg,10,28,0.039164286106824875
0,6530.jpg,/home/grads/hassledw/StyleCLIP_Defense/CelebA_HQ_facial_identity_dataset/StyleCLIP-FGSM75/128/6530.jpg,11,28,0.0428679995238781
0,6996.jpg,/home/grads/hassledw/StyleCLIP_Defense/CelebA_HQ_facial_identity_dataset/StyleCLIP-FGSM75/128/6996.jpg,11,12,0.04718931391835213
0,9296.jpg,/home/grads/hassledw/StyleCLIP_Defense/CelebA_HQ_facial_identity_dataset/StyleCLIP-FGSM75/128/9296.jpg,11,12,0.044462572783231735
0,9541.jpg,/home/grads/hassledw/StyleCLIP_Defense/CelebA_HQ_facial_identity_dataset/StyleCLIP-FGSM75/128/9541.jpg,11,12,0.04449457302689552
0,4347.jpg,/home/grads/hassledw/StyleCLIP_Defense/CelebA_HQ_facial_identity_dataset/StyleCLIP-FGSM75/129/4347.jpg,12,28,0.03922470659017563
0,5227.jpg,/home/grads/hassledw/StyleCLIP_Defense/CelebA_HQ_facial_identity_dataset/StyleCLIP-FGSM75/129/5227.jpg,12,12,0.042144257575273514
0,6427.jpg,/home/grads/hassledw/StyleCLIP_Defense/CelebA_HQ_facial_identity_dataset/StyleCLIP-FGSM75/129/6427.jpg,12,12,0.04408518224954605
0,992.jpg,/home/grads/hassledw/StyleCLIP_Defense/CelebA_HQ_facial_identity_dataset/StyleCLIP-FGSM75/129/992.jpg,12,12,0.043768174946308136
0,4816.jpg,/home/grads/hassledw/StyleCLIP_Defense/CelebA_HQ_facial_identity_dataset/StyleCLIP-FGSM75/14/4816.jpg,13,12,0.040060438215732574
0,674.jpg,/home/grads/hassledw/StyleCLIP_Defense/CelebA_HQ_facial_identity_dataset/StyleCLIP-FGSM75/14/674.jpg,13,12,0.044126611202955246
0,687.jpg,/home/grads/hassledw/StyleCLIP_Defense/CelebA_HQ_facial_identity_dataset/StyleCLIP-FGSM75/14/687.jpg,13,12,0.041078194975852966
0,8457.jpg,/home/grads/hassledw/StyleCLIP_Defense/CelebA_HQ_facial_identity_dataset/StyleCLIP-FGSM75/14/8457.jpg,13,12,0.04422954097390175
0,4049.jpg,/home/grads/hassledw/StyleCLIP_Defense/CelebA_HQ_facial_identity_dataset/StyleCLIP-FGSM75/143/4049.jpg,14,28,0.039337918162345886
0,4247.jpg,/home/grads/hassledw/StyleCLIP_Defense/CelebA_HQ_facial_identity_dataset/StyleCLIP-FGSM75/143/4247.jpg,14,12,0.0425516702234745
0,4430.jpg,/home/grads/hassledw/StyleCLIP_Defense/CelebA_HQ_facial_identity_dataset/StyleCLIP-FGSM75/143/4430.jpg,14,28,0.04316982626914978
0,4768.jpg,/home/grads/hassledw/StyleCLIP_Defense/CelebA_HQ_facial_identity_dataset/StyleCLIP-FGSM75/143/4768.jpg,14,12,0.04105865955352783
0,3938.jpg,/home/grads/hassledw/StyleCLIP_Defense/CelebA_HQ_facial_identity_dataset/StyleCLIP-FGSM75/146/3938.jpg,15,12,0.04012834653258324
0,4479.jpg,/home/grads/hassledw/StyleCLIP_Defense/CelebA_HQ_facial_identity_dataset/StyleCLIP-FGSM75/146/4479.jpg,15,28,0.04573356360197067
0,5239.jpg,/home/grads/hassledw/StyleCLIP_Defense/CelebA_HQ_facial_identity_dataset/StyleCLIP-FGSM75/146/5239.jpg,15,12,0.04190511628985405
0,7516.jpg,/home/grads/hassledw/StyleCLIP_Defense/CelebA_HQ_facial_identity_dataset/StyleCLIP-FGSM75/146/7516.jpg,15,28,0.03971487656235695
0,9803.jpg,/home/grads/hassledw/StyleCLIP_Defense/CelebA_HQ_facial_identity_dataset/StyleCLIP-FGSM75/146/9803.jpg,15,28,0.043363165110349655
0,29212.jpg,/home/grads/hassledw/StyleCLIP_Defense/CelebA_HQ_facial_identity_dataset/StyleCLIP-FGSM75/158/29212.jpg,16,12,0.040685586631298065
0,7447.jpg,/home/grads/hassledw/StyleCLIP_Defense/CelebA_HQ_facial_identity_dataset/StyleCLIP-FGSM75/158/7447.jpg,16,12,0.042082320898771286
0,8796.jpg,/home/grads/hassledw/StyleCLIP_Defense/CelebA_HQ_facial_identity_dataset/StyleCLIP-FGSM75/158/8796.jpg,16,28,0.039822474122047424
0,9801.jpg,/home/grads/hassledw/StyleCLIP_Defense/CelebA_HQ_facial_identity_dataset/StyleCLIP-FGSM75/158/9801.jpg,16,12,0.04243898391723633
0,3980.jpg,/home/grads/hassledw/StyleCLIP_Defense/CelebA_HQ_facial_identity_dataset/StyleCLIP-FGSM75/161/3980.jpg,17,28,0.042646460235118866
0,4406.jpg,/home/grads/hassledw/StyleCLIP_Defense/CelebA_HQ_facial_identity_dataset/StyleCLIP-FGSM75/161/4406.jpg,17,28,0.039396196603775024
0,4914.jpg,/home/grads/hassledw/StyleCLIP_Defense/CelebA_HQ_facial_identity_dataset/StyleCLIP-FGSM75/161/4914.jpg,17,12,0.04508814960718155
0,5154.jpg,/home/grads/hassledw/StyleCLIP_Defense/CelebA_HQ_facial_identity_dataset/StyleCLIP-FGSM75/161/5154.jpg,17,28,0.04015693813562393
0,7301.jpg,/home/grads/hassledw/StyleCLIP_Defense/CelebA_HQ_facial_identity_dataset/StyleCLIP-FGSM75/161/7301.jpg,17,28,0.040799450129270554
0,7435.jpg,/home/grads/hassledw/StyleCLIP_Defense/CelebA_HQ_facial_identity_dataset/StyleCLIP-FGSM75/161/7435.jpg,17,12,0.0458810068666935
0,737.jpg,/home/grads/hassledw/StyleCLIP_Defense/CelebA_HQ_facial_identity_dataset/StyleCLIP-FGSM75/162/737.jpg,18,12,0.048486243933439255
0,7528.jpg,/home/grads/hassledw/StyleCLIP_Defense/CelebA_HQ_facial_identity_dataset/StyleCLIP-FGSM75/162/7528.jpg,18,12,0.04316290095448494
0,9081.jpg,/home/grads/hassledw/StyleCLIP_Defense/CelebA_HQ_facial_identity_dataset/StyleCLIP-FGSM75/162/9081.jpg,18,28,0.03826824575662613
0,9399.jpg,/home/grads/hassledw/StyleCLIP_Defense/CelebA_HQ_facial_identity_dataset/StyleCLIP-FGSM75/162/9399.jpg,18,12,0.04295056685805321
0,8578.jpg,/home/grads/hassledw/StyleCLIP_Defense/CelebA_HQ_facial_identity_dataset/StyleCLIP-FGSM75/17/8578.jpg,19,28,0.03859768435359001
0,9209.jpg,/home/grads/hassledw/StyleCLIP_Defense/CelebA_HQ_facial_identity_dataset/StyleCLIP-FGSM75/17/9209.jpg,19,12,0.043783318251371384
0,9390.jpg,/home/grads/hassledw/StyleCLIP_Defense/CelebA_HQ_facial_identity_dataset/StyleCLIP-FGSM75/17/9390.jpg,19,12,0.04293700307607651
0,550.jpg,/home/grads/hassledw/StyleCLIP_Defense/CelebA_HQ_facial_identity_dataset/StyleCLIP-FGSM75/175/550.jpg,20,12,0.0456545315682888
0,6288.jpg,/home/grads/hassledw/StyleCLIP_Defense/CelebA_HQ_facial_identity_dataset/StyleCLIP-FGSM75/175/6288.jpg,20,12,0.04255877807736397
0,8947.jpg,/home/grads/hassledw/StyleCLIP_Defense/CelebA_HQ_facial_identity_dataset/StyleCLIP-FGSM75/175/8947.jpg,20,12,0.043325915932655334
0,919.jpg,/home/grads/hassledw/StyleCLIP_Defense/CelebA_HQ_facial_identity_dataset/StyleCLIP-FGSM75/175/919.jpg,20,12,0.039920225739479065
0,8707.jpg,/home/grads/hassledw/StyleCLIP_Defense/CelebA_HQ_facial_identity_dataset/StyleCLIP-FGSM75/177/8707.jpg,21,12,0.044324230402708054
0,8784.jpg,/home/grads/hassledw/StyleCLIP_Defense/CelebA_HQ_facial_identity_dataset/StyleCLIP-FGSM75/177/8784.jpg,21,12,0.044158440083265305
0,8902.jpg,/home/grads/hassledw/StyleCLIP_Defense/CelebA_HQ_facial_identity_dataset/StyleCLIP-FGSM75/177/8902.jpg,21,12,0.0400313176214695
0,9193.jpg,/home/grads/hassledw/StyleCLIP_Defense/CelebA_HQ_facial_identity_dataset/StyleCLIP-FGSM75/177/9193.jpg,21,12,0.04108235985040665
0,4342.jpg,/home/grads/hassledw/StyleCLIP_Defense/CelebA_HQ_facial_identity_dataset/StyleCLIP-FGSM75/179/4342.jpg,22,28,0.040442828088998795
0,5644.jpg,/home/grads/hassledw/StyleCLIP_Defense/CelebA_HQ_facial_identity_dataset/StyleCLIP-FGSM75/179/5644.jpg,22,12,0.040792807936668396
0,9697.jpg,/home/grads/hassledw/StyleCLIP_Defense/CelebA_HQ_facial_identity_dataset/StyleCLIP-FGSM75/179/9697.jpg,22,12,0.03938441351056099
0,9975.jpg,/home/grads/hassledw/StyleCLIP_Defense/CelebA_HQ_facial_identity_dataset/StyleCLIP-FGSM75/179/9975.jpg,22,12,0.044245168566703796
0,7641.jpg,/home/grads/hassledw/StyleCLIP_Defense/CelebA_HQ_facial_identity_dataset/StyleCLIP-FGSM75/180/7641.jpg,23,12,0.04256444424390793
0,8453.jpg,/home/grads/hassledw/StyleCLIP_Defense/CelebA_HQ_facial_identity_dataset/StyleCLIP-FGSM75/180/8453.jpg,23,12,0.04600950703024864
0,8769.jpg,/home/grads/hassledw/StyleCLIP_Defense/CelebA_HQ_facial_identity_dataset/StyleCLIP-FGSM75/180/8769.jpg,23,12,0.043776240199804306
0,8800.jpg,/home/grads/hassledw/StyleCLIP_Defense/CelebA_HQ_facial_identity_dataset/StyleCLIP-FGSM75/180/8800.jpg,23,12,0.0459245927631855
0,5423.jpg,/home/grads/hassledw/StyleCLIP_Defense/CelebA_HQ_facial_identity_dataset/StyleCLIP-FGSM75/181/5423.jpg,24,12,0.03882768377661705
0,7892.jpg,/home/grads/hassledw/StyleCLIP_Defense/CelebA_HQ_facial_identity_dataset/StyleCLIP-FGSM75/181/7892.jpg,24,12,0.04022052139043808
0,819.jpg,/home/grads/hassledw/StyleCLIP_Defense/CelebA_HQ_facial_identity_dataset/StyleCLIP-FGSM75/181/819.jpg,24,28,0.040412142872810364
0,9912.jpg,/home/grads/hassledw/StyleCLIP_Defense/CelebA_HQ_facial_identity_dataset/StyleCLIP-FGSM75/181/9912.jpg,24,12,0.04887782037258148
0,7234.jpg,/home/grads/hassledw/StyleCLIP_Defense/CelebA_HQ_facial_identity_dataset/StyleCLIP-FGSM75/182/7234.jpg,25,12,0.03974085673689842
0,8072.jpg,/home/grads/hassledw/StyleCLIP_Defense/CelebA_HQ_facial_identity_dataset/StyleCLIP-FGSM75/182/8072.jpg,25,12,0.03995086997747421
0,9082.jpg,/home/grads/hassledw/StyleCLIP_Defense/CelebA_HQ_facial_identity_dataset/StyleCLIP-FGSM75/182/9082.jpg,25,28,0.04044950753450394
0,9520.jpg,/home/grads/hassledw/StyleCLIP_Defense/CelebA_HQ_facial_identity_dataset/StyleCLIP-FGSM75/182/9520.jpg,25,12,0.04063824564218521
0,6212.jpg,/home/grads/hassledw/StyleCLIP_Defense/CelebA_HQ_facial_identity_dataset/StyleCLIP-FGSM75/183/6212.jpg,26,28,0.0446934811770916
0,6594.jpg,/home/grads/hassledw/StyleCLIP_Defense/CelebA_HQ_facial_identity_dataset/StyleCLIP-FGSM75/183/6594.jpg,26,12,0.041224781423807144
0,6845.jpg,/home/grads/hassledw/StyleCLIP_Defense/CelebA_HQ_facial_identity_dataset/StyleCLIP-FGSM75/183/6845.jpg,26,12,0.040308937430381775
0,8528.jpg,/home/grads/hassledw/StyleCLIP_Defense/CelebA_HQ_facial_identity_dataset/StyleCLIP-FGSM75/183/8528.jpg,26,12,0.03977992385625839
0,591.jpg,/home/grads/hassledw/StyleCLIP_Defense/CelebA_HQ_facial_identity_dataset/StyleCLIP-FGSM75/188/591.jpg,27,28,0.03887706995010376
0,6313.jpg,/home/grads/hassledw/StyleCLIP_Defense/CelebA_HQ_facial_identity_dataset/StyleCLIP-FGSM75/188/6313.jpg,27,12,0.045673977583646774
0,6642.jpg,/home/grads/hassledw/StyleCLIP_Defense/CelebA_HQ_facial_identity_dataset/StyleCLIP-FGSM75/188/6642.jpg,27,12,0.04274248331785202
0,778.jpg,/home/grads/hassledw/StyleCLIP_Defense/CelebA_HQ_facial_identity_dataset/StyleCLIP-FGSM75/188/778.jpg,27,12,0.04522201418876648
0,9910.jpg,/home/grads/hassledw/StyleCLIP_Defense/CelebA_HQ_facial_identity_dataset/StyleCLIP-FGSM75/188/9910.jpg,27,28,0.03952643647789955
0,8949.jpg,/home/grads/hassledw/StyleCLIP_Defense/CelebA_HQ_facial_identity_dataset/StyleCLIP-FGSM75/194/8949.jpg,28,12,0.039875343441963196
0,9579.jpg,/home/grads/hassledw/StyleCLIP_Defense/CelebA_HQ_facial_identity_dataset/StyleCLIP-FGSM75/194/9579.jpg,28,12,0.04259761422872543
0,9767.jpg,/home/grads/hassledw/StyleCLIP_Defense/CelebA_HQ_facial_identity_dataset/StyleCLIP-FGSM75/194/9767.jpg,28,12,0.040463417768478394
0,29569.jpg,/home/grads/hassledw/StyleCLIP_Defense/CelebA_HQ_facial_identity_dataset/StyleCLIP-FGSM75/195/29569.jpg,29,12,0.03952860087156296
0,5281.jpg,/home/grads/hassledw/StyleCLIP_Defense/CelebA_HQ_facial_identity_dataset/StyleCLIP-FGSM75/195/5281.jpg,29,12,0.040329936891794205
0,7731.jpg,/home/grads/hassledw/StyleCLIP_Defense/CelebA_HQ_facial_identity_dataset/StyleCLIP-FGSM75/195/7731.jpg,29,12,0.03879088535904884
0,8793.jpg,/home/grads/hassledw/StyleCLIP_Defense/CelebA_HQ_facial_identity_dataset/StyleCLIP-FGSM75/195/8793.jpg,29,12,0.040395308285951614
0,6018.jpg,/home/grads/hassledw/StyleCLIP_Defense/CelebA_HQ_facial_identity_dataset/StyleCLIP-FGSM75/196/6018.jpg,30,12,0.04073253646492958
0,6958.jpg,/home/grads/hassledw/StyleCLIP_Defense/CelebA_HQ_facial_identity_dataset/StyleCLIP-FGSM75/196/6958.jpg,30,28,0.04375553876161575
0,6978.jpg,/home/grads/hassledw/StyleCLIP_Defense/CelebA_HQ_facial_identity_dataset/StyleCLIP-FGSM75/196/6978.jpg,30,28,0.040793098509311676
0,7665.jpg,/home/grads/hassledw/StyleCLIP_Defense/CelebA_HQ_facial_identity_dataset/StyleCLIP-FGSM75/196/7665.jpg,30,12,0.04035484418272972
0,8312.jpg,/home/grads/hassledw/StyleCLIP_Defense/CelebA_HQ_facial_identity_dataset/StyleCLIP-FGSM75/196/8312.jpg,30,12,0.04098755866289139
0,6342.jpg,/home/grads/hassledw/StyleCLIP_Defense/CelebA_HQ_facial_identity_dataset/StyleCLIP-FGSM75/198/6342.jpg,31,12,0.04134058579802513
0,6798.jpg,/home/grads/hassledw/StyleCLIP_Defense/CelebA_HQ_facial_identity_dataset/StyleCLIP-FGSM75/198/6798.jpg,31,12,0.04474727809429169
0,7300.jpg,/home/grads/hassledw/StyleCLIP_Defense/CelebA_HQ_facial_identity_dataset/StyleCLIP-FGSM75/198/7300.jpg,31,12,0.040099434554576874
0,937.jpg,/home/grads/hassledw/StyleCLIP_Defense/CelebA_HQ_facial_identity_dataset/StyleCLIP-FGSM75/198/937.jpg,31,28,0.03930816426873207
0,6054.jpg,/home/grads/hassledw/StyleCLIP_Defense/CelebA_HQ_facial_identity_dataset/StyleCLIP-FGSM75/199/6054.jpg,32,6,0.039322447031736374
0,6544.jpg,/home/grads/hassledw/StyleCLIP_Defense/CelebA_HQ_facial_identity_dataset/StyleCLIP-FGSM75/199/6544.jpg,32,12,0.04018886014819145
0,7780.jpg,/home/grads/hassledw/StyleCLIP_Defense/CelebA_HQ_facial_identity_dataset/StyleCLIP-FGSM75/199/7780.jpg,32,28,0.043247949331998825
0,847.jpg,/home/grads/hassledw/StyleCLIP_Defense/CelebA_HQ_facial_identity_dataset/StyleCLIP-FGSM75/199/847.jpg,32,12,0.040566980838775635
0,470.jpg,/home/grads/hassledw/StyleCLIP_Defense/CelebA_HQ_facial_identity_dataset/StyleCLIP-FGSM75/203/470.jpg,33,28,0.040531158447265625
0,572.jpg,/home/grads/hassledw/StyleCLIP_Defense/CelebA_HQ_facial_identity_dataset/StyleCLIP-FGSM75/203/572.jpg,33,12,0.04097258299589157
0,6271.jpg,/home/grads/hassledw/StyleCLIP_Defense/CelebA_HQ_facial_identity_dataset/StyleCLIP-FGSM75/203/6271.jpg,33,28,0.038777127861976624
0,8666.jpg,/home/grads/hassledw/StyleCLIP_Defense/CelebA_HQ_facial_identity_dataset/StyleCLIP-FGSM75/203/8666.jpg,33,12,0.03967147693037987
0,7120.jpg,/home/grads/hassledw/StyleCLIP_Defense/CelebA_HQ_facial_identity_dataset/StyleCLIP-FGSM75/204/7120.jpg,34,28,0.04005023464560509
0,7255.jpg,/home/grads/hassledw/StyleCLIP_Defense/CelebA_HQ_facial_identity_dataset/StyleCLIP-FGSM75/204/7255.jpg,34,28,0.040717385709285736
0,8739.jpg,/home/grads/hassledw/StyleCLIP_Defense/CelebA_HQ_facial_identity_dataset/StyleCLIP-FGSM75/204/8739.jpg,34,12,0.04372991994023323
0,3332.jpg,/home/grads/hassledw/StyleCLIP_Defense/CelebA_HQ_facial_identity_dataset/StyleCLIP-FGSM75/25/3332.jpg,35,12,0.039177216589450836
0,425.jpg,/home/grads/hassledw/StyleCLIP_Defense/CelebA_HQ_facial_identity_dataset/StyleCLIP-FGSM75/25/425.jpg,35,28,0.03866872191429138
0,6828.jpg,/home/grads/hassledw/StyleCLIP_Defense/CelebA_HQ_facial_identity_dataset/StyleCLIP-FGSM75/25/6828.jpg,35,28,0.03873904049396515
0,9711.jpg,/home/grads/hassledw/StyleCLIP_Defense/CelebA_HQ_facial_identity_dataset/StyleCLIP-FGSM75/25/9711.jpg,35,12,0.04468453675508499
0,4173.jpg,/home/grads/hassledw/StyleCLIP_Defense/CelebA_HQ_facial_identity_dataset/StyleCLIP-FGSM75/26/4173.jpg,36,28,0.03923670947551727
0,627.jpg,/home/grads/hassledw/StyleCLIP_Defense/CelebA_HQ_facial_identity_dataset/StyleCLIP-FGSM75/26/627.jpg,36,12,0.0416703037917614
0,6788.jpg,/home/grads/hassledw/StyleCLIP_Defense/CelebA_HQ_facial_identity_dataset/StyleCLIP-FGSM75/26/6788.jpg,36,12,0.03873324766755104
0,76.jpg,/home/grads/hassledw/StyleCLIP_Defense/CelebA_HQ_facial_identity_dataset/StyleCLIP-FGSM75/26/76.jpg,36,12,0.042070645838975906
0,7055.jpg,/home/grads/hassledw/StyleCLIP_Defense/CelebA_HQ_facial_identity_dataset/StyleCLIP-FGSM75/34/7055.jpg,37,12,0.04175645485520363
0,7313.jpg,/home/grads/hassledw/StyleCLIP_Defense/CelebA_HQ_facial_identity_dataset/StyleCLIP-FGSM75/34/7313.jpg,37,12,0.04192328825592995
0,898.jpg,/home/grads/hassledw/StyleCLIP_Defense/CelebA_HQ_facial_identity_dataset/StyleCLIP-FGSM75/34/898.jpg,37,28,0.04052060842514038
0,952.jpg,/home/grads/hassledw/StyleCLIP_Defense/CelebA_HQ_facial_identity_dataset/StyleCLIP-FGSM75/34/952.jpg,37,12,0.04376149922609329
0,9769.jpg,/home/grads/hassledw/StyleCLIP_Defense/CelebA_HQ_facial_identity_dataset/StyleCLIP-FGSM75/34/9769.jpg,37,12,0.045058637857437134
0,705.jpg,/home/grads/hassledw/StyleCLIP_Defense/CelebA_HQ_facial_identity_dataset/StyleCLIP-FGSM75/44/705.jpg,38,12,0.0408979132771492
0,7128.jpg,/home/grads/hassledw/StyleCLIP_Defense/CelebA_HQ_facial_identity_dataset/StyleCLIP-FGSM75/44/7128.jpg,38,28,0.04108603671193123
0,7388.jpg,/home/grads/hassledw/StyleCLIP_Defense/CelebA_HQ_facial_identity_dataset/StyleCLIP-FGSM75/44/7388.jpg,38,12,0.04226509854197502
0,8625.jpg,/home/grads/hassledw/StyleCLIP_Defense/CelebA_HQ_facial_identity_dataset/StyleCLIP-FGSM75/44/8625.jpg,38,12,0.04433007165789604
0,682.jpg,/home/grads/hassledw/StyleCLIP_Defense/CelebA_HQ_facial_identity_dataset/StyleCLIP-FGSM75/45/682.jpg,39,12,0.04350036382675171
0,7705.jpg,/home/grads/hassledw/StyleCLIP_Defense/CelebA_HQ_facial_identity_dataset/StyleCLIP-FGSM75/45/7705.jpg,39,28,0.039760347455739975
0,8398.jpg,/home/grads/hassledw/StyleCLIP_Defense/CelebA_HQ_facial_identity_dataset/StyleCLIP-FGSM75/45/8398.jpg,39,12,0.04077848792076111
0,9523.jpg,/home/grads/hassledw/StyleCLIP_Defense/CelebA_HQ_facial_identity_dataset/StyleCLIP-FGSM75/45/9523.jpg,39,28,0.03954795002937317
0,49.jpg,/home/grads/hassledw/StyleCLIP_Defense/CelebA_HQ_facial_identity_dataset/StyleCLIP-FGSM75/47/49.jpg,40,12,0.03857654705643654
0,4922.jpg,/home/grads/hassledw/StyleCLIP_Defense/CelebA_HQ_facial_identity_dataset/StyleCLIP-FGSM75/47/4922.jpg,40,12,0.04353650286793709
0,677.jpg,/home/grads/hassledw/StyleCLIP_Defense/CelebA_HQ_facial_identity_dataset/StyleCLIP-FGSM75/47/677.jpg,40,12,0.04228811711072922
0,51.jpg,/home/grads/hassledw/StyleCLIP_Defense/CelebA_HQ_facial_identity_dataset/StyleCLIP-FGSM75/49/51.jpg,41,28,0.043867263942956924
0,6011.jpg,/home/grads/hassledw/StyleCLIP_Defense/CelebA_HQ_facial_identity_dataset/StyleCLIP-FGSM75/49/6011.jpg,41,12,0.041830748319625854
0,6058.jpg,/home/grads/hassledw/StyleCLIP_Defense/CelebA_HQ_facial_identity_dataset/StyleCLIP-FGSM75/49/6058.jpg,41,12,0.040853675454854965
0,822.jpg,/home/grads/hassledw/StyleCLIP_Defense/CelebA_HQ_facial_identity_dataset/StyleCLIP-FGSM75/5/822.jpg,42,28,0.03946033492684364
0,8222.jpg,/home/grads/hassledw/StyleCLIP_Defense/CelebA_HQ_facial_identity_dataset/StyleCLIP-FGSM75/5/8222.jpg,42,12,0.04064864292740822
0,91.jpg,/home/grads/hassledw/StyleCLIP_Defense/CelebA_HQ_facial_identity_dataset/StyleCLIP-FGSM75/5/91.jpg,42,12,0.0430111289024353
0,9770.jpg,/home/grads/hassledw/StyleCLIP_Defense/CelebA_HQ_facial_identity_dataset/StyleCLIP-FGSM75/5/9770.jpg,42,12,0.04395490139722824
0,9787.jpg,/home/grads/hassledw/StyleCLIP_Defense/CelebA_HQ_facial_identity_dataset/StyleCLIP-FGSM75/5/9787.jpg,42,12,0.0385550819337368
0,67.jpg,/home/grads/hassledw/StyleCLIP_Defense/CelebA_HQ_facial_identity_dataset/StyleCLIP-FGSM75/63/67.jpg,43,12,0.039053063839673996
0,735.jpg,/home/grads/hassledw/StyleCLIP_Defense/CelebA_HQ_facial_identity_dataset/StyleCLIP-FGSM75/63/735.jpg,43,28,0.038906652480363846
0,8263.jpg,/home/grads/hassledw/StyleCLIP_Defense/CelebA_HQ_facial_identity_dataset/StyleCLIP-FGSM75/63/8263.jpg,43,12,0.03932800889015198
0,8293.jpg,/home/grads/hassledw/StyleCLIP_Defense/CelebA_HQ_facial_identity_dataset/StyleCLIP-FGSM75/63/8293.jpg,43,12,0.043090496212244034
0,637.jpg,/home/grads/hassledw/StyleCLIP_Defense/CelebA_HQ_facial_identity_dataset/StyleCLIP-FGSM75/65/637.jpg,44,12,0.03954506292939186
0,69.jpg,/home/grads/hassledw/StyleCLIP_Defense/CelebA_HQ_facial_identity_dataset/StyleCLIP-FGSM75/65/69.jpg,44,12,0.04469815641641617
0,7306.jpg,/home/grads/hassledw/StyleCLIP_Defense/CelebA_HQ_facial_identity_dataset/StyleCLIP-FGSM75/65/7306.jpg,44,12,0.04428805038332939
0,9022.jpg,/home/grads/hassledw/StyleCLIP_Defense/CelebA_HQ_facial_identity_dataset/StyleCLIP-FGSM75/65/9022.jpg,44,12,0.0424017496407032
0,9806.jpg,/home/grads/hassledw/StyleCLIP_Defense/CelebA_HQ_facial_identity_dataset/StyleCLIP-FGSM75/65/9806.jpg,44,12,0.044419970363378525
0,71.jpg,/home/grads/hassledw/StyleCLIP_Defense/CelebA_HQ_facial_identity_dataset/StyleCLIP-FGSM75/67/71.jpg,45,28,0.039993029087781906
0,8664.jpg,/home/grads/hassledw/StyleCLIP_Defense/CelebA_HQ_facial_identity_dataset/StyleCLIP-FGSM75/67/8664.jpg,45,12,0.04409137740731239
0,95.jpg,/home/grads/hassledw/StyleCLIP_Defense/CelebA_HQ_facial_identity_dataset/StyleCLIP-FGSM75/67/95.jpg,45,12,0.040444131940603256
0,9974.jpg,/home/grads/hassledw/StyleCLIP_Defense/CelebA_HQ_facial_identity_dataset/StyleCLIP-FGSM75/67/9974.jpg,45,28,0.04004979878664017
0,474.jpg,/home/grads/hassledw/StyleCLIP_Defense/CelebA_HQ_facial_identity_dataset/StyleCLIP-FGSM75/77/474.jpg,46,12,0.041573312133550644
0,6492.jpg,/home/grads/hassledw/StyleCLIP_Defense/CelebA_HQ_facial_identity_dataset/StyleCLIP-FGSM75/77/6492.jpg,46,12,0.04149322956800461
0,83.jpg,/home/grads/hassledw/StyleCLIP_Defense/CelebA_HQ_facial_identity_dataset/StyleCLIP-FGSM75/77/83.jpg,46,12,0.04464299976825714
0,9323.jpg,/home/grads/hassledw/StyleCLIP_Defense/CelebA_HQ_facial_identity_dataset/StyleCLIP-FGSM75/77/9323.jpg,46,12,0.045684054493904114
0,617.jpg,/home/grads/hassledw/StyleCLIP_Defense/CelebA_HQ_facial_identity_dataset/StyleCLIP-FGSM75/80/617.jpg,47,12,0.04316713660955429
0,751.jpg,/home/grads/hassledw/StyleCLIP_Defense/CelebA_HQ_facial_identity_dataset/StyleCLIP-FGSM75/80/751.jpg,47,12,0.04336940497159958
0,87.jpg,/home/grads/hassledw/StyleCLIP_Defense/CelebA_HQ_facial_identity_dataset/StyleCLIP-FGSM75/80/87.jpg,47,12,0.04054795205593109
0,7345.jpg,/home/grads/hassledw/StyleCLIP_Defense/CelebA_HQ_facial_identity_dataset/StyleCLIP-FGSM75/95/7345.jpg,48,12,0.039874862879514694
0,8071.jpg,/home/grads/hassledw/StyleCLIP_Defense/CelebA_HQ_facial_identity_dataset/StyleCLIP-FGSM75/95/8071.jpg,48,12,0.04713624343276024
0,9384.jpg,/home/grads/hassledw/StyleCLIP_Defense/CelebA_HQ_facial_identity_dataset/StyleCLIP-FGSM75/95/9384.jpg,48,12,0.04142073169350624
0,995.jpg,/home/grads/hassledw/StyleCLIP_Defense/CelebA_HQ_facial_identity_dataset/StyleCLIP-FGSM75/95/995.jpg,48,12,0.0400732085108757
0,8020.jpg,/home/grads/hassledw/StyleCLIP_Defense/CelebA_HQ_facial_identity_dataset/StyleCLIP-FGSM75/99/8020.jpg,49,12,0.04162143915891647
0,8211.jpg,/home/grads/hassledw/StyleCLIP_Defense/CelebA_HQ_facial_identity_dataset/StyleCLIP-FGSM75/99/8211.jpg,49,12,0.0429789200425148
0,9310.jpg,/home/grads/hassledw/StyleCLIP_Defense/CelebA_HQ_facial_identity_dataset/StyleCLIP-FGSM75/99/9310.jpg,49,28,0.040199585258960724
0,9929.jpg,/home/grads/hassledw/StyleCLIP_Defense/CelebA_HQ_facial_identity_dataset/StyleCLIP-FGSM75/99/9929.jpg,49,12,0.04655345901846886
